{
  "train_losses": [
    2.936620033664884,
    2.6219260122338666,
    2.5305637587203726,
    2.4778995647573248,
    2.442153702193667,
    2.4198684029154207
  ],
  "val_losses": [
    2.427651451316841,
    2.328437382827729,
    2.2805823615339937,
    2.2426231975380686,
    2.2242004186231124,
    2.212807619928049
  ],
  "best_val_loss": 2.212807619928049
}