{
  "train_losses": [
    2.902613581573291,
    2.6131097606981424,
    2.5333989488197424,
    2.4918495458476637,
    2.46881157260662
  ],
  "val_losses": [
    2.4148481827922588,
    2.327621826440412,
    2.287525071587374,
    2.26067243351196,
    2.2492427551183085
  ],
  "best_val_loss": 2.2492427551183085,
  "training_time_seconds": 55442.5841319561,
  "training_time_minutes": 924.043068865935,
  "num_epochs": 5,
  "hyperparameters": {
    "learning_rate": 5e-05,
    "weight_decay": 0.01,
    "batch_size": 4,
    "warmup_ratio": 0.1,
    "max_grad_norm": 1.0
  },
  "seed": 42
}