{
  "experiment_info": {
    "seed": 1337,
    "model_name": "t5-small",
    "use_full_test_sets": false,
    "timestamp": "2026-01-28 16:08:08"
  },
  "training_summary": {
    "baseline": {
      "best_val_loss": 2.2492427551183085,
      "training_time_minutes": 924.043068865935,
      "num_epochs": 5,
      "hyperparameters": {
        "learning_rate": 5e-05,
        "weight_decay": 0.01,
        "batch_size": 4,
        "warmup_ratio": 0.1,
        "max_grad_norm": 1.0
      }
    },
    "monotonic": {
      "best_val_loss": 2.535327680315553,
      "training_time_minutes": 3.933906555175781e-07,
      "num_epochs": 5,
      "hyperparameters": {
        "learning_rate": 5e-05,
        "weight_decay": 0.01,
        "batch_size": 4,
        "warmup_ratio": 0.1,
        "max_grad_norm": 1.0
      },
      "constraint_info": {
        "type": "softplus_parametrization",
        "formula": "W = softplus(V) >= 0",
        "scope": "FFN sublayers only (wi, wi_0, wi_1, wo)",
        "globally_monotonic": false,
        "reason": "LayerNorm, residuals, and attention unconstrained"
      }
    }
  },
  "evaluation_summary": {
    "cnn_dm": {
      "standard_t5": {
        "rouge_scores": {
          "rouge1": {
            "mean": 0.32514700666354374,
            "lower": 0.30856273533335843,
            "upper": 0.34106090883072226,
            "ci_width": 0.032498173497363836
          },
          "rouge2": {
            "mean": 0.1197343078145699,
            "lower": 0.10554828678590451,
            "upper": 0.13512274345078787,
            "ci_width": 0.029574456664883356
          },
          "rougeLsum": {
            "mean": 0.2652782419585762,
            "lower": 0.24910873648474888,
            "upper": 0.28089878895145703,
            "ci_width": 0.03179005246670816
          }
        },
        "brevity_penalty": {
          "brevity_penalty": 1.0,
          "length_ratio": 1.1590725806451614,
          "avg_pred_length": 57.49,
          "avg_ref_length": 49.6
        }
      },
      "baseline_t5": {
        "rouge_scores": {
          "rouge1": {
            "mean": 0.30767071795011236,
            "lower": 0.29182165976201546,
            "upper": 0.3229458423362112,
            "ci_width": 0.031124182574195747
          },
          "rouge2": {
            "mean": 0.11080244713643296,
            "lower": 0.09685182906595427,
            "upper": 0.12597154009898645,
            "ci_width": 0.02911971103303218
          },
          "rougeLsum": {
            "mean": 0.24951325297765942,
            "lower": 0.2350829110332797,
            "upper": 0.2643274197521594,
            "ci_width": 0.029244508718879708
          }
        },
        "brevity_penalty": {
          "brevity_penalty": 1.0,
          "length_ratio": 1.5253024193548388,
          "avg_pred_length": 75.655,
          "avg_ref_length": 49.6
        }
      },
      "monotonic_t5": {
        "rouge_scores": {
          "rouge1": {
            "mean": 0.2963388566841728,
            "lower": 0.28026977211506765,
            "upper": 0.3106471079367857,
            "ci_width": 0.030377335821718032
          },
          "rouge2": {
            "mean": 0.105738486914076,
            "lower": 0.09222691785068436,
            "upper": 0.11890746357891624,
            "ci_width": 0.026680545728231878
          },
          "rougeLsum": {
            "mean": 0.2418744088943489,
            "lower": 0.22742449316376886,
            "upper": 0.2558568609501047,
            "ci_width": 0.028432367786335816
          }
        },
        "brevity_penalty": {
          "brevity_penalty": 1.0,
          "length_ratio": 1.5034274193548387,
          "avg_pred_length": 74.57,
          "avg_ref_length": 49.6
        }
      }
    },
    "xsum": {
      "standard_t5": {
        "rouge_scores": {
          "rouge1": {
            "mean": 0.19930747205729155,
            "lower": 0.18823717609762264,
            "upper": 0.21080605225574395,
            "ci_width": 0.02256887615812131
          },
          "rouge2": {
            "mean": 0.0287051740651903,
            "lower": 0.023334630177944956,
            "upper": 0.03424005336748099,
            "ci_width": 0.010905423189536034
          },
          "rougeLsum": {
            "mean": 0.13324334334587717,
            "lower": 0.12555373307052825,
            "upper": 0.14087555944977206,
            "ci_width": 0.015321826379243814
          }
        },
        "brevity_penalty": {
          "brevity_penalty": 1.0,
          "length_ratio": 1.7554356986347548,
          "avg_pred_length": 52.075,
          "avg_ref_length": 29.665
        }
      },
      "baseline_t5": {
        "rouge_scores": {
          "rouge1": {
            "mean": 0.20001432107484796,
            "lower": 0.18958758568471543,
            "upper": 0.2097546768337401,
            "ci_width": 0.02016709114902468
          },
          "rouge2": {
            "mean": 0.031803022232408204,
            "lower": 0.026808870878222296,
            "upper": 0.0371224944597444,
            "ci_width": 0.010313623581522106
          },
          "rougeLsum": {
            "mean": 0.1325056863335238,
            "lower": 0.12552772652691938,
            "upper": 0.13901767921935482,
            "ci_width": 0.013489952692435442
          }
        },
        "brevity_penalty": {
          "brevity_penalty": 1.0,
          "length_ratio": 2.371312995112085,
          "avg_pred_length": 70.345,
          "avg_ref_length": 29.665
        }
      },
      "monotonic_t5": {
        "rouge_scores": {
          "rouge1": {
            "mean": 0.18943734520635186,
            "lower": 0.18019910734365674,
            "upper": 0.19749839505102113,
            "ci_width": 0.017299287707364386
          },
          "rouge2": {
            "mean": 0.027683467848886777,
            "lower": 0.02336168334679472,
            "upper": 0.032379769734836146,
            "ci_width": 0.009018086388041427
          },
          "rougeLsum": {
            "mean": 0.12935406540992558,
            "lower": 0.12282541510001699,
            "upper": 0.13583030307273633,
            "ci_width": 0.013004887972719342
          }
        },
        "brevity_penalty": {
          "brevity_penalty": 1.0,
          "length_ratio": 2.34940165177819,
          "avg_pred_length": 69.695,
          "avg_ref_length": 29.665
        }
      }
    }
  },
  "attack_summary": {
    "uat": {
      "learned_triggers": {
        "standard_t5": "\u201d. shown \u00bb informed beach",
        "baseline_t5": "2018.2. investigation identified valuable",
        "monotonic_t5": "Thanks\u00bb electric conduct deux"
      },
      "results": {
        "standard_t5": {
          "trigger_text": "\u201d. shown \u00bb informed beach",
          "trigger_ids": [
            1141,
            2008,
            1168,
            4862,
            2608
          ],
          "rouge_deltas": {
            "rouge1": -0.00496323505548707,
            "rouge2": -0.0054182767791116915,
            "rougeLsum": -0.003916231736128373
          },
          "nll_increase": 0.00965727548846835,
          "clean_rouge": {
            "rouge1": 0.28139481069745476,
            "rouge2": 0.0895368923516302,
            "rougeLsum": 0.22934689126430907
          },
          "attack_rouge": {
            "rouge1": 0.2764315756419677,
            "rouge2": 0.08411861557251851,
            "rougeLsum": 0.2254306595281807
          }
        },
        "baseline_t5": {
          "trigger_text": "2018.2. investigation identified valuable",
          "trigger_ids": [
            3070,
            4416,
            4962,
            4313,
            3435
          ],
          "rouge_deltas": {
            "rouge1": -0.0018090788553042358,
            "rouge2": -0.0010821159447368528,
            "rougeLsum": 0.0004193168845187112
          },
          "nll_increase": 0.008908758783115766,